environment,model_seed,family,variable,off_representation,off_mode,on_representation,on_mode,off_r2,off_r2_ci_low,off_r2_ci_high,on_r2,on_r2_ci_low,on_r2_ci_high,on_minus_off_r2,on_minus_off_r2_ci_low,on_minus_off_r2_ci_high,bootstrap_unit,interval
umaze,0,dino,acceleration,dino/4/pooled_patches,second_delta,dino/4/pooled_patches,second_delta,0.8959962207353043,0.8818272571380973,0.9074304874023252,0.8959962207353043,0.8818272571380973,0.9074304874023252,0.0,0.0,0.0,paired_complete_trajectory_window,95_percentile
umaze,0,dino,position,dino/4/pooled_patches,frame,dino/4/pooled_patches,frame,0.997196457926148,0.9969652664289123,0.9973977880020121,0.997196457926148,0.9969652664289123,0.9973977880020121,0.0,0.0,0.0,paired_complete_trajectory_window,95_percentile
umaze,0,dino,velocity,dino/4/pooled_patches,delta,dino/4/pooled_patches,delta,0.9664390983046003,0.962884643190477,0.9694533432827135,0.9664390983046003,0.962884643190477,0.9694533432827135,0.0,0.0,0.0,paired_complete_trajectory_window,95_percentile
umaze,0,predictor,acceleration,predictor/1/pooled_visual,frame,predictor/1/pooled_visual,frame,0.12396646696716696,0.09391151668294878,0.15050334076407787,0.10313294260815475,0.07685322824359647,0.12547451298410278,-0.0208335243590122,-0.05207828854369494,0.011988976141474485,paired_complete_trajectory_window,95_percentile
umaze,0,predictor,position,predictor/0/pooled_visual,frame,predictor/0/pooled_visual,frame,0.6930846874774071,0.6708411413949988,0.710413298219541,0.6170468206177576,0.5849726687280679,0.6441175667667307,-0.07603786685964953,-0.10593683053980418,-0.0458934915156858,paired_complete_trajectory_window,95_percentile
umaze,0,predictor,velocity,predictor/4/pooled_visual,frame,predictor/4/pooled_visual,frame,0.29880943770452184,0.26356381168357035,0.3321040408898444,0.17729360937523553,0.1464218993685837,0.20422902324120432,-0.12151582832928631,-0.15997241021875,-0.0851038062674052,paired_complete_trajectory_window,95_percentile
wall,0,dino,acceleration,dino/6/pooled_patches,second_delta,dino/6/pooled_patches,second_delta,0.5074751478295065,0.45128323614281585,0.5554655724450123,0.5074751478295065,0.45128323614281585,0.5554655724450123,0.0,0.0,0.0,paired_complete_trajectory_window,95_percentile
wall,0,dino,position,dino/6/cls,frame,dino/6/cls,frame,0.8344960759737818,0.8088331150869289,0.8575082281155961,0.8344960759737818,0.8088331150869289,0.8575082281155961,0.0,0.0,0.0,paired_complete_trajectory_window,95_percentile
wall,0,dino,velocity,dino/4/pooled_patches,delta,dino/4/pooled_patches,delta,0.6443657741016406,0.6033272106844585,0.6798279467360586,0.6443657741016406,0.6033272106844585,0.6798279467360586,0.0,0.0,0.0,paired_complete_trajectory_window,95_percentile
wall,0,predictor,acceleration,predictor/0/pooled_visual,frame,predictor/0/pooled_visual,frame,0.05840630759638976,0.03190066589370521,0.07941028275361656,0.0797229994753984,0.05441777857971666,0.10304653615580116,0.021316691879008642,3.5967740723971997e-05,0.043429893464161734,paired_complete_trajectory_window,95_percentile
wall,0,predictor,position,predictor/4/pooled_visual,frame,predictor/4/pooled_visual,frame,0.7400372347109776,0.7171059218816653,0.7598766380936198,0.8658588775698244,0.8508586574878153,0.8795478264475295,0.12582164285884678,0.11056640067027207,0.14348582368810153,paired_complete_trajectory_window,95_percentile
wall,0,predictor,velocity,predictor/2/pooled_visual,frame,predictor/2/pooled_visual,frame,0.02851688888272086,0.0075994859700348255,0.04905571872438085,0.047935194815876936,0.0265522564049248,0.06740673145502939,0.019418305933156077,0.0036565433646099516,0.03577429637361701,paired_complete_trajectory_window,95_percentile
pusht,0,dino,agent_acceleration,dino/8/pooled_patches,second_delta,dino/8/pooled_patches,second_delta,0.5798377193899803,0.560960386217398,0.5975036065179514,0.5798377193899803,0.560960386217398,0.5975036065179514,0.0,0.0,0.0,paired_complete_trajectory_window,95_percentile
pusht,0,dino,agent_position,dino/9/pooled_patches,frame,dino/9/pooled_patches,frame,0.9286759416645999,0.9240136379389852,0.9325236322149203,0.9286759416645999,0.9240136379389852,0.9325236322149203,0.0,0.0,0.0,paired_complete_trajectory_window,95_percentile
pusht,0,dino,agent_velocity,dino/8/pooled_patches,delta,dino/8/pooled_patches,delta,0.73352739225404,0.7229288261477336,0.742762390711775,0.73352739225404,0.7229288261477336,0.742762390711775,0.0,0.0,0.0,paired_complete_trajectory_window,95_percentile
pusht,0,dino,block_acceleration,dino/11/projected_aggregate,second_delta,dino/11/projected_aggregate,second_delta,0.38762336824960597,0.3572905099935888,0.4154877057026508,0.4140959095099144,0.38897005779056903,0.4375537369641348,0.026472541260308402,0.0008382575749130904,0.051350823362234704,paired_complete_trajectory_window,95_percentile
pusht,0,dino,block_angular_acceleration,dino/6/pooled_patches,frame,dino/6/pooled_patches,frame,0.05432758278705496,0.038264800136632145,0.07013999935082942,0.05432758278705496,0.038264800136632145,0.07013999935082942,0.0,0.0,0.0,paired_complete_trajectory_window,95_percentile
pusht,0,dino,block_angular_velocity,dino/8/cls,frame,dino/8/cls,frame,0.30366967704954184,0.27674389946018585,0.3274864392659097,0.30366967704954184,0.27674389946018585,0.3274864392659097,0.0,0.0,0.0,paired_complete_trajectory_window,95_percentile
pusht,0,dino,block_orientation,dino/7/pooled_patches,frame,dino/7/pooled_patches,frame,0.8283878289755883,0.8215066139291273,0.8343914338909759,0.8283878289755883,0.8215066139291273,0.8343914338909759,0.0,0.0,0.0,paired_complete_trajectory_window,95_percentile
pusht,0,dino,block_position,dino/8/pooled_patches,frame,dino/8/pooled_patches,frame,0.9609424967065645,0.958857844495078,0.9628802724871545,0.9609424967065645,0.958857844495078,0.9628802724871545,0.0,0.0,0.0,paired_complete_trajectory_window,95_percentile
pusht,0,dino,block_velocity,dino/11/projected_aggregate,delta,dino/11/projected_aggregate,delta,0.6526498096739981,0.6294266065096137,0.6718154536935345,0.6326531941547926,0.615274423791377,0.6473426676653624,-0.019996615519205507,-0.03444417357550614,-0.005306791165081341,paired_complete_trajectory_window,95_percentile
pusht,0,predictor,agent_acceleration,predictor/0/pooled_visual,frame,predictor/0/pooled_visual,frame,0.01588329971033653,0.012342941442362915,0.01881269824382155,0.042874295095416626,0.035813856032098156,0.049038117505281094,0.026990995385080097,0.020305655536685976,0.03389598411326225,paired_complete_trajectory_window,95_percentile
pusht,0,predictor,agent_position,predictor/0/pooled_visual,frame,predictor/0/pooled_visual,frame,0.2963129574310579,0.2803771014531439,0.31149707965120577,0.3358173279782596,0.32078982893709296,0.3489344895267123,0.039504370547201684,0.02370789954076305,0.05452270945750332,paired_complete_trajectory_window,95_percentile
pusht,0,predictor,agent_velocity,predictor/2/pooled_visual,frame,predictor/2/pooled_visual,frame,0.034195512788378624,0.02859068538369177,0.039487823149065904,0.07189977748070309,0.0639621715312803,0.07889108191112779,0.03770426469232446,0.02860880816051135,0.046330026627837265,paired_complete_trajectory_window,95_percentile
pusht,0,predictor,block_acceleration,predictor/2/pooled_visual,frame,predictor/2/pooled_visual,frame,0.01047991431254558,0.003634132161892012,0.01635152413187539,0.00979793902361048,0.0024252574654574114,0.016509567094436003,-0.0006819752889350994,-0.00895793918153199,0.007339429404132832,paired_complete_trajectory_window,95_percentile
pusht,0,predictor,block_angular_acceleration,predictor/2/pooled_visual,frame,predictor/2/pooled_visual,frame,0.0032252455104317956,-0.0027607917812379535,0.008872174580095163,0.005626167352947964,0.00035588060273661625,0.010126567613306632,0.0024009218425161682,-0.004835845217318646,0.009302452435217037,paired_complete_trajectory_window,95_percentile
pusht,0,predictor,block_angular_velocity,predictor/3/pooled_visual,frame,predictor/3/pooled_visual,frame,0.051707374793946825,0.04040272502200816,0.0619799625567408,0.11937336419272793,0.10148950753661166,0.13449574415362914,0.0676659893987811,0.05395260143437117,0.0807476317567544,paired_complete_trajectory_window,95_percentile
pusht,0,predictor,block_orientation,predictor/5/pooled_visual,frame,predictor/5/pooled_visual,frame,0.34226480267313897,0.3264404540890587,0.3588147575125974,0.4099779503291857,0.3948238685782423,0.42452547150973513,0.06771314765604675,0.055105806667701936,0.07973266688109083,paired_complete_trajectory_window,95_percentile
pusht,0,predictor,block_position,predictor/5/pooled_visual,frame,predictor/5/pooled_visual,frame,0.3717397963209794,0.35222805449058653,0.3917271812585703,0.4161580535131687,0.3971220107241569,0.43505771285794426,0.04441825719218928,0.028205310157219256,0.06282618690963528,paired_complete_trajectory_window,95_percentile
pusht,0,predictor,block_velocity,predictor/2/pooled_visual,frame,predictor/2/pooled_visual,frame,0.06122902048098189,0.05034853393978154,0.07141013458703321,0.08424145663840787,0.0729239595704776,0.09437806042688862,0.023012436157425986,0.00992176341272521,0.03721233894202231,paired_complete_trajectory_window,95_percentile
